<?xml version="1.0" encoding="UTF-8"?>

<Observation xmlns="http://hl7.org/fhir">
  <id value="WRMedFrailObservation1"/>
  <meta>
    <profile value="http://wrig.corisystem.org/StructureDefinition/WRObservation"/>
  </meta>
  <text>
    <status value="generated"/><div xmlns="http://www.w3.org/1999/xhtml"><p class="res-header-id"><b>Generated Narrative: Observation WRMedFrailObservation1</b></p><a name="WRMedFrailObservation1"> </a><a name="hcWRMedFrailObservation1"> </a><div style="display: inline-block; background-color: #d9e0e7; padding: 6px; margin: 4px; border: 1px solid #8da1b4; border-radius: 5px; line-height: 60%"><p style="margin-bottom: 0px"/><p style="margin-bottom: 0px">Profile: <a href="StructureDefinition-WRObservation.html">Work Requirements Observation</a></p></div><p><b>status</b>: Final</p><p><b>code</b>: <span title="Codes:{http://example.org/codes/observation functional-status}">Functional status</span></p><p><b>subject</b>: <a href="Patient-WRExamplePatient.html">Pat Example  Female, DoB: 2008-05-01 ( http://example.org/ids/patient#P-WR-001)</a></p><p><b>effective</b>: 2025-05-15</p><p><b>value</b>: Requires assistance with activities of daily living</p></div>
  </text>
  <status value="final"/>
  <code>
    <coding>
      <system value="http://example.org/codes/observation"/>
      <code value="functional-status"/>
      <display value="Functional status"/>
    </coding>
  </code>
  <subject>
    <reference value="Patient/WRExamplePatient"/>
  </subject>
  <effectiveDateTime value="2025-05-15"/>
  <valueString value="Requires assistance with activities of daily living"/>
</Observation>