<?xml version="1.0" encoding="UTF-8"?>

<Observation xmlns="http://hl7.org/fhir">
  <id value="WRVaDisabilityRating"/>
  <meta>
    <profile value="http://wrig.corisystem.org/StructureDefinition/WRObservation"/>
  </meta>
  <text>
    <status value="generated"/><div xmlns="http://www.w3.org/1999/xhtml"><p class="res-header-id"><b>Generated Narrative: Observation WRVaDisabilityRating</b></p><a name="WRVaDisabilityRating"> </a><a name="hcWRVaDisabilityRating"> </a><div style="display: inline-block; background-color: #d9e0e7; padding: 6px; margin: 4px; border: 1px solid #8da1b4; border-radius: 5px; line-height: 60%"><p style="margin-bottom: 0px"/><p style="margin-bottom: 0px">Profile: <a href="StructureDefinition-WRObservation.html">Work Requirements Observation</a></p></div><p><b>status</b>: Final</p><p><b>code</b>: <span title="Codes:{http://example.org/codes/va-disability-rating total}">VA total disability rating</span></p><p><b>subject</b>: <a href="Patient-WRVeteranPatient.html">Val Veteran  Male, DoB: 1980-07-04 ( http://va.gov/identifier/veteranId#VA-0012345)</a></p><p><b>effective</b>: 2025-02-01</p><p><b>value</b>: 70 %<span style="background: LightGoldenRodYellow"> (Details: UCUM  code% = '%')</span></p></div>
  </text>
  <status value="final"/>
  <code>
    <coding>
      <system value="http://example.org/codes/va-disability-rating"/>
      <code value="total"/>
      <display value="VA total disability rating"/>
    </coding>
  </code>
  <subject>
    <reference value="Patient/WRVeteranPatient"/>
  </subject>
  <effectiveDateTime value="2025-02-01"/>
  <valueQuantity>
    <value value="70"/>
    <unit value="%"/>
    <system value="http://unitsofmeasure.org"/>
    <code value="%"/>
  </valueQuantity>
</Observation>