{
  "codeSystems" : [
    {
      "url" : "http://hl7.org/fhir/administrative-gender",
      "version" : "4.0.1",
      "status" : "active",
      "name" : "AdministrativeGender",
      "title" : "AdministrativeGender",
      "description" : "The gender of a person used for administrative purposes.",
      "oids" : ["2.16.840.1.113883.4.642.4.2"],
      "uses" : {
      },
      "http://hl7.org/fhir/R4/valueset-administrative-gender.html" : "AdministrativeGender"
    },
    {
      "url" : "http://hl7.org/fhir/encounter-location-status",
      "version" : "4.0.1",
      "status" : "draft",
      "name" : "EncounterLocationStatus",
      "title" : "EncounterLocationStatus",
      "description" : "The status of the location.",
      "oids" : ["2.16.840.1.113883.4.642.4.263"],
      "uses" : {
      },
      "http://hl7.org/fhir/R4/valueset-encounter-location-status.html" : "EncounterLocationStatus"
    },
    {
      "url" : "http://hl7.org/fhir/encounter-status",
      "version" : "4.0.1",
      "status" : "draft",
      "name" : "EncounterStatus",
      "title" : "EncounterStatus",
      "description" : "Current state of the encounter.",
      "oids" : ["2.16.840.1.113883.4.642.4.247"],
      "uses" : {
      },
      "http://hl7.org/fhir/R4/valueset-encounter-status.html" : "EncounterStatus"
    },
    {
      "url" : "http://hl7.org/fhir/episode-of-care-status",
      "version" : "4.0.1",
      "status" : "draft",
      "name" : "EpisodeOfCareStatus",
      "title" : "EpisodeOfCareStatus",
      "description" : "The status of the episode of care.",
      "oids" : ["2.16.840.1.113883.4.642.4.665"],
      "uses" : {
      },
      "http://hl7.org/fhir/R4/valueset-episode-of-care-status.html" : "EpisodeOfCareStatus"
    },
    {
      "url" : "http://hl7.org/fhir/fm-status",
      "version" : "4.0.1",
      "status" : "draft",
      "name" : "FinancialResourceStatusCodes",
      "title" : "Financial Resource Status Codes",
      "description" : "This value set includes Status codes.",
      "oids" : ["2.16.840.1.113883.4.642.4.593"],
      "uses" : {
      },
      "http://hl7.org/fhir/R4/valueset-fm-status.html" : "Financial Resource Status Codes"
    },
    {
      "url" : "http://hl7.org/fhir/link-type",
      "version" : "4.0.1",
      "status" : "active",
      "name" : "LinkType",
      "title" : "LinkType",
      "description" : "The type of link between this patient resource and another patient resource.",
      "oids" : ["2.16.840.1.113883.4.642.4.424"],
      "uses" : {
      },
      "http://hl7.org/fhir/R4/valueset-link-type.html" : "LinkType"
    },
    {
      "url" : "http://hl7.org/fhir/observation-status",
      "version" : "4.0.1",
      "status" : "active",
      "name" : "ObservationStatus",
      "title" : "ObservationStatus",
      "description" : "Codes providing the status of an observation.",
      "oids" : ["2.16.840.1.113883.4.642.4.401"],
      "uses" : {
      },
      "http://hl7.org/fhir/R4/valueset-observation-status.html" : "ObservationStatus"
    },
    {
      "url" : "http://loinc.org",
      "version" : "3.1.0",
      "status" : "active",
      "name" : "LOINC",
      "title" : "Logical Observation Identifiers, Names and Codes (LOINC)",
      "description" : "LOINC provides a set of universal names and ID codes for identifying laboratory and clinical test results.1,2 LOINC facilitates the exchange and pooling of results, such as blood hemoglobin, serum potassium, or vital signs, for clinical care, outcomes management, and research. LOINC's universal identifiers (names and codes) can be used in the context of order and observation exchanges between information systems that use syntax standards such as HL73, CEN TC251, ISO TC215, ASTM4, and DICOM. Specifically, the identifier can be used as the coded value for an observation in any other standard that uses the observation/observation value paradigm, whether messages, documents, application programming interface (API), etc. For example, LOINC codes are used widely in the OBX segment Observation Identifier field (OBX-3) of an ORU HL7 (HL7 version 2.x or ASTM 1238-9410) message that may be sent between a Clinical Laboratory Information Management Systems (LIMS) and Electronic Health Record Systems (EHR).5, 6 In this way, LOINC codes provide universal identifiers that allow the exchange of clinical data between heterogeneous computing environments.",
      "oids" : ["2.16.840.1.113883.6.1"],
      "uses" : {
      },
      "http://hl7.org/fhir/R4/valueset-observation-codes.html" : "LOINC Codes"
    },
    {
      "url" : "http://snomed.info/sct",
      "version" : null,
      "status" : "active",
      "name" : "SNOMED_CT",
      "title" : "SNOMED CT (all versions)",
      "description" : "SNOMED CT is the most comprehensive and precise clinical health terminology product in the world, owned and distributed around the world by The International Health Terminology Standards Development Organisation (IHTSDO).",
      "oids" : ["2.16.840.1.113883.6.96"],
      "uses" : {
      },
      "http://hl7.org/fhir/R4/valueset-condition-stage.html" : "Condition Stage",
      "http://hl7.org/fhir/R4/valueset-condition-stage-type.html" : "Condition Stage Type",
      "http://hl7.org/fhir/R4/valueset-manifestation-or-symptom.html" : "Manifestation and Symptom Codes",
      "http://hl7.org/fhir/R4/valueset-observation-methods.html" : "Observation Methods",
      "http://hl7.org/fhir/R4/valueset-condition-severity.html" : "Condition/Diagnosis Severity",
      "http://hl7.org/fhir/R4/valueset-body-site.html" : "SNOMED CT Body Structures",
      "http://hl7.org/fhir/R4/valueset-encounter-reason.html" : "Encounter Reason Codes",
      "http://hl7.org/fhir/R4/valueset-referencerange-appliesto.html" : "Observation Reference Range Applies To Codes",
      "http://hl7.org/fhir/R4/valueset-condition-code.html" : "Condition/Problem/Diagnosis Codes"
    },
    {
      "url" : "http://terminology.hl7.org/CodeSystem/admit-source",
      "version" : "1.0.1",
      "status" : "active",
      "name" : "AdmitSource",
      "title" : "Admit source",
      "description" : "This value set defines a set of codes that can be used to indicate from where the patient came in.",
      "oids" : ["2.16.840.1.113883.4.642.1.1092"],
      "uses" : {
      },
      "http://hl7.org/fhir/R4/valueset-encounter-admit-source.html" : "Admit source"
    },
    {
      "url" : "http://terminology.hl7.org/CodeSystem/condition-category",
      "version" : "1.0.1",
      "status" : "active",
      "name" : "ConditionCategoryCodes",
      "title" : "Condition Category Codes",
      "description" : "Preferred value set for Condition Categories.",
      "oids" : ["2.16.840.1.113883.4.642.1.1073"],
      "uses" : {
      },
      "http://hl7.org/fhir/R4/valueset-condition-category.html" : "Condition Category Codes"
    },
    {
      "url" : "http://terminology.hl7.org/CodeSystem/condition-clinical",
      "version" : "3.0.0",
      "status" : "active",
      "name" : "ConditionClinicalStatusCodes",
      "title" : "Condition Clinical Status Codes",
      "description" : "Preferred value set for Condition Clinical Status.",
      "oids" : ["2.16.840.1.113883.4.642.1.1074"],
      "uses" : {
      },
      "http://hl7.org/fhir/R4/valueset-condition-clinical.html" : "Condition Clinical Status Codes"
    },
    {
      "url" : "http://terminology.hl7.org/CodeSystem/condition-ver-status",
      "version" : "2.0.1",
      "status" : "active",
      "name" : "ConditionVerificationStatus",
      "title" : "ConditionVerificationStatus",
      "description" : "The verification status to support or decline the clinical status of the condition or diagnosis.",
      "oids" : ["2.16.840.1.113883.4.642.1.1075"],
      "uses" : {
      },
      "http://hl7.org/fhir/R4/valueset-condition-ver-status.html" : "ConditionVerificationStatus"
    },
    {
      "url" : "http://terminology.hl7.org/CodeSystem/coverage-class",
      "version" : "1.0.1",
      "status" : "active",
      "name" : "CoverageClassCodes",
      "title" : "Coverage Class Codes",
      "description" : "This value set includes Coverage Class codes.",
      "oids" : ["2.16.840.1.113883.4.642.1.1147"],
      "uses" : {
      },
      "http://hl7.org/fhir/R4/valueset-coverage-class.html" : "Coverage Class Codes"
    },
    {
      "url" : "http://terminology.hl7.org/CodeSystem/coverage-copay-type",
      "version" : "1.0.1",
      "status" : "active",
      "name" : "CoverageCopayTypeCodes",
      "title" : "Coverage Copay Type Codes",
      "description" : "This value set includes sample Coverage Copayment Type codes.",
      "oids" : ["2.16.840.1.113883.4.642.1.1149"],
      "uses" : {
      },
      "http://hl7.org/fhir/R4/valueset-coverage-copay-type.html" : "Coverage Copay Type Codes"
    },
    {
      "url" : "http://terminology.hl7.org/CodeSystem/coverage-selfpay",
      "version" : "1.0.1",
      "status" : "active",
      "name" : "CoverageSelfPayCodes",
      "title" : "Coverage SelfPay Codes",
      "description" : "This value set includes Coverage SelfPay codes.",
      "oids" : ["2.16.840.1.113883.4.642.1.1148"],
      "uses" : {
      },
      "http://hl7.org/fhir/R4/valueset-coverage-type.html" : "Coverage Type and Self-Pay Codes"
    },
    {
      "url" : "http://terminology.hl7.org/CodeSystem/data-absent-reason",
      "version" : "1.0.0",
      "status" : "active",
      "name" : "DataAbsentReason",
      "title" : "DataAbsentReason",
      "description" : "Used to specify why the normally expected content of the data element is missing.",
      "oids" : ["2.16.840.1.113883.4.642.4.1048"],
      "uses" : {
      },
      "http://hl7.org/fhir/R4/valueset-data-absent-reason.html" : "DataAbsentReason"
    },
    {
      "url" : "http://terminology.hl7.org/CodeSystem/diagnosis-role",
      "version" : "1.1.1",
      "status" : "active",
      "name" : "DiagnosisRole",
      "title" : "Diagnosis Role",
      "description" : "This value set defines a set of codes that can be used to express the role of a diagnosis on the Encounter or EpisodeOfCare record.",
      "oids" : ["2.16.840.1.113883.4.642.1.1054"],
      "uses" : {
      },
      "http://hl7.org/fhir/R4/valueset-diagnosis-role.html" : "DiagnosisRole"
    },
    {
      "url" : "http://terminology.hl7.org/CodeSystem/diet",
      "version" : "1.0.1",
      "status" : "active",
      "name" : "Diet",
      "title" : "Diet",
      "description" : "This value set defines a set of codes that can be used to indicate dietary preferences or restrictions a patient may have.",
      "oids" : ["2.16.840.1.113883.4.642.1.1091"],
      "uses" : {
      },
      "http://hl7.org/fhir/R4/valueset-encounter-diet.html" : "Diet"
    },
    {
      "url" : "http://terminology.hl7.org/CodeSystem/discharge-disposition",
      "version" : "1.0.1",
      "status" : "active",
      "name" : "DischargeDisposition",
      "title" : "Discharge disposition",
      "description" : "This value set defines a set of codes that can be used to where the patient left the hospital.",
      "oids" : ["2.16.840.1.113883.4.642.1.1093"],
      "uses" : {
      },
      "http://hl7.org/fhir/R4/valueset-encounter-discharge-disposition.html" : "Discharge disposition"
    },
    {
      "url" : "http://terminology.hl7.org/CodeSystem/encounter-special-arrangements",
      "version" : "1.0.1",
      "status" : "active",
      "name" : "SpecialArrangements",
      "title" : "Special arrangements",
      "description" : "This value set defines a set of codes that can be used to indicate the kinds of special arrangements in place for a patients visit.",
      "oids" : ["2.16.840.1.113883.4.642.1.1090"],
      "uses" : {
      },
      "http://hl7.org/fhir/R4/valueset-encounter-special-arrangements.html" : "Special arrangements"
    },
    {
      "url" : "http://terminology.hl7.org/CodeSystem/encounter-type",
      "version" : "1.0.1",
      "status" : "active",
      "name" : "EncounterType",
      "title" : "Encounter type",
      "description" : "This example value set defines a set of codes that can be used to indicate the type of encounter: a specific code indicating type of service provided.",
      "oids" : ["2.16.840.1.113883.4.642.1.1088"],
      "uses" : {
      },
      "http://hl7.org/fhir/R4/valueset-encounter-type.html" : "Encounter type"
    },
    {
      "url" : "http://terminology.hl7.org/CodeSystem/episodeofcare-type",
      "version" : "1.0.1",
      "status" : "active",
      "name" : "EpisodeOfCareType",
      "title" : "Episode of care type",
      "description" : "This example value set defines a set of codes that can be used to express the usage type of an EpisodeOfCare record.",
      "oids" : ["2.16.840.1.113883.4.642.1.1189"],
      "uses" : {
      },
      "http://hl7.org/fhir/R4/valueset-episodeofcare-type.html" : "Episode of care type"
    },
    {
      "url" : "http://terminology.hl7.org/CodeSystem/ex-coverage-financial-exception",
      "version" : "1.0.1",
      "status" : "active",
      "name" : "ExampleCoverageFinancialExceptionCodes",
      "title" : "Example Coverage Financial Exception Codes",
      "description" : "This value set includes Example Coverage Financial Exception Codes.",
      "oids" : ["2.16.840.1.113883.4.642.1.1329"],
      "uses" : {
      },
      "http://hl7.org/fhir/R4/valueset-coverage-financial-exception.html" : "Example Coverage Financial Exception Codes"
    },
    {
      "url" : "http://terminology.hl7.org/CodeSystem/location-physical-type",
      "version" : "2.0.1",
      "status" : "active",
      "name" : "LocationType",
      "title" : "Location type",
      "description" : "This example value set defines a set of codes that can be used to indicate the physical form of the Location.\r\rThis includes several 'non physical' codes which are still considered a location.",
      "oids" : ["2.16.840.1.113883.4.642.1.1108"],
      "uses" : {
      },
      "http://hl7.org/fhir/R4/valueset-location-physical-type.html" : "Location type"
    },
    {
      "url" : "http://terminology.hl7.org/CodeSystem/observation-category",
      "version" : "1.0.1",
      "status" : "active",
      "name" : "ObservationCategoryCodes",
      "title" : "Observation Category Codes",
      "description" : "Observation Category codes.",
      "oids" : ["2.16.840.1.113883.4.642.1.1125"],
      "uses" : {
      },
      "http://hl7.org/fhir/R4/valueset-observation-category.html" : "Observation Category Codes"
    },
    {
      "url" : "http://terminology.hl7.org/CodeSystem/participant-type",
      "version" : "1.0.1",
      "status" : "active",
      "name" : "ParticipantType",
      "title" : "Participant type",
      "description" : "This value set defines a set of codes that can be used to indicate how an individual participates in an encounter.",
      "oids" : ["2.16.840.1.113883.4.642.1.1089"],
      "uses" : {
      },
      "http://hl7.org/fhir/R4/valueset-encounter-participant-type.html" : "Participant type"
    },
    {
      "url" : "http://terminology.hl7.org/CodeSystem/referencerange-meaning",
      "version" : "1.0.1",
      "status" : "active",
      "name" : "ObservationReferenceRangeMeaningCodes",
      "title" : "Observation Reference Range Meaning Codes",
      "description" : "This value set defines a set of codes that can be used to indicate the meaning/use of a reference range for a particular target population.",
      "oids" : ["2.16.840.1.113883.4.642.1.1124"],
      "uses" : {
      },
      "http://hl7.org/fhir/R4/valueset-referencerange-meaning.html" : "Observation Reference Range Meaning Codes"
    },
    {
      "url" : "http://terminology.hl7.org/CodeSystem/service-type",
      "version" : "1.1.1",
      "status" : "active",
      "name" : "ServiceType",
      "title" : "Service type",
      "description" : "This value set defines an example set of codes of service-types.",
      "oids" : ["2.16.840.1.113883.4.642.1.1145"],
      "uses" : {
      },
      "http://hl7.org/fhir/R4/valueset-service-type.html" : "Service type"
    },
    {
      "url" : "http://terminology.hl7.org/CodeSystem/subscriber-relationship",
      "version" : "1.0.1",
      "status" : "active",
      "name" : "SubscriberRelationshipCodes",
      "title" : "SubscriberPolicyholder Relationship Codes",
      "description" : "This value set includes codes for the relationship between the Subscriber and the Beneficiary (insured/covered party/patient).",
      "oids" : ["2.16.840.1.113883.4.642.1.1386"],
      "uses" : {
      },
      "http://hl7.org/fhir/R4/valueset-subscriber-relationship.html" : "SubscriberPolicyholder Relationship Codes"
    },
    {
      "url" : "http://terminology.hl7.org/CodeSystem/v2-0092",
      "version" : "2.0.0",
      "status" : "active",
      "name" : "ReAdmissionIndicator",
      "title" : "re-admissionIndicator",
      "description" : "Code system of concepts which are used to specify that a patient is being re admitted to a healthcare facilityin from which they were discharged, and indicates the circumstances around such re-admission.  Used in HL7 Version 2.x messagine in the PV1 segment.",
      "oids" : ["2.16.840.1.113883.18.36"],
      "uses" : {
      },
      "http://terminology.hl7.org/6.5.0/ValueSet-v2-0092.html" : "hl7VS-re-admissionIndicator"
    },
    {
      "url" : "http://terminology.hl7.org/CodeSystem/v2-0131",
      "version" : "2.0.0",
      "status" : "active",
      "name" : "ContactRole2",
      "title" : "contactRole2",
      "description" : "Code system of concepts which specify a relationship role that the next of kin/associated parties plays with regard to the patient. Also used in referrals, for example, it may be necessary to identify the contact representative at the clinic that sent a referral. Used in HL7 Version 2 messaging in the NK1 and CTD segments after 2.5, when it replace 2.16.840.1.113883.18.57.",
      "oids" : ["2.16.840.1.113883.18.58"],
      "uses" : {
      },
      "http://hl7.org/fhir/R4/valueset-patient-contactrelationship.html" : "Patient Contact Relationship ",
      "http://hl7.org/fhir/R4/valueset-relatedperson-relationshiptype.html" : "Patient relationship type"
    },
    {
      "url" : "http://terminology.hl7.org/CodeSystem/v3-ActCode",
      "version" : "9.0.0",
      "status" : "active",
      "name" : "ActCode",
      "title" : "ActCode",
      "description" : "A code specifying the particular kind of Act that the Act-instance represents within its class.\r\n\r\n*Constraints:* The kind of Act (e.g. physical examination, serum potassium, inpatient encounter, charge financial transaction, etc.) is specified with a code from one of several, typically external, coding systems. The coding system will depend on the class of Act, such as LOINC for observations, etc.\r\n\r\nConceptually, the Act.code must be a specialization of the Act.classCode. This is why the structure of ActClass domain should be reflected in the superstructure of the ActCode domain and then individual codes or externally referenced vocabularies subordinated under these domains that reflect the ActClass structure.\r\n\r\nAct.classCode and Act.code are not modifiers of each other but the Act.code concept should really imply the Act.classCode concept. For a negative example, it is not appropriate to use an Act.code \"potassium\" together with and Act.classCode for \"laboratory observation\" to somehow mean \"potassium laboratory observation\" and then use the same Act.code for \"potassium\" together with Act.classCode for \"medication\" to mean \"substitution of potassium\". This mutually modifying use of Act.code and Act.classCode is not permitted.",
      "oids" : ["2.16.840.1.113883.5.4"],
      "uses" : {
      },
      "http://terminology.hl7.org/6.5.0/ValueSet-v3-ActEncounterCode.html" : "ActEncounterCode"
    },
    {
      "url" : "http://terminology.hl7.org/CodeSystem/v3-ActPriority",
      "version" : "3.0.0",
      "status" : "active",
      "name" : "ActPriority",
      "title" : "ActPriority",
      "description" : "A set of codes (e.g., for routine, emergency), specifying the urgency under which the Act happened, can happen, is happening, is intended to happen, or is requested/demanded to happen.",
      "oids" : ["2.16.840.1.113883.5.7"],
      "uses" : {
      },
      "http://terminology.hl7.org/6.5.0/ValueSet-v3-ActPriority.html" : "ActPriority"
    },
    {
      "url" : "http://terminology.hl7.org/CodeSystem/v3-EncounterSpecialCourtesy",
      "version" : "3.0.0",
      "status" : "active",
      "name" : "EncounterSpecialCourtesy",
      "title" : "EncounterSpecialCourtesy",
      "description" : "**** MISSING DESCRIPTION ****",
      "oids" : ["2.16.840.1.113883.5.40"],
      "uses" : {
      },
      "http://hl7.org/fhir/R4/valueset-encounter-special-courtesy.html" : "Special courtesy"
    },
    {
      "url" : "http://terminology.hl7.org/CodeSystem/v3-MaritalStatus",
      "version" : "3.0.0",
      "status" : "active",
      "name" : "MaritalStatus",
      "title" : "MaritalStatus",
      "description" : "\\* \\* \\* No description supplied \\* \\* \\*\r\n\r\n*Open Issue:* The specific meanings of these codes can vary somewhat by jurisdiction and implementation so caution should be used when determining equivalency.\r\n\r\n*Open Issue:* fixing and completion of the hierarchy and proper good definitions of all the concepts is badly needed.",
      "oids" : ["2.16.840.1.113883.5.2"],
      "uses" : {
      },
      "http://hl7.org/fhir/R4/valueset-marital-status.html" : "MaritalStatus"
    },
    {
      "url" : "http://terminology.hl7.org/CodeSystem/v3-NullFlavor",
      "version" : "3.0.0",
      "status" : "active",
      "name" : "NullFlavor",
      "title" : "NullFlavor",
      "description" : "A collection of codes specifying why a valid value is not present.",
      "oids" : ["2.16.840.1.113883.5.1008"],
      "uses" : {
      },
      "http://hl7.org/fhir/R4/valueset-encounter-special-courtesy.html" : "Special courtesy",
      "http://hl7.org/fhir/R4/valueset-marital-status.html" : "MaritalStatus"
    },
    {
      "url" : "http://terminology.hl7.org/CodeSystem/v3-ObservationInterpretation",
      "version" : "3.0.0",
      "status" : "active",
      "name" : "ObservationInterpretation",
      "title" : "ObservationInterpretation",
      "description" : "One or more codes providing a rough qualitative interpretation of the observation, such as \"normal\" / \"abnormal\", \"low\" / \"high\", \"better\" / \"worse\", \"resistant\" / \"susceptible\", \"expected\" / \"not expected\". The value set is intended to be for ANY use where coded representation of an interpretation is needed.",
      "oids" : ["2.16.840.1.113883.5.83"],
      "uses" : {
      },
      "http://hl7.org/fhir/R4/valueset-observation-interpretation.html" : "Observation Interpretation Codes"
    },
    {
      "url" : "http://terminology.hl7.org/CodeSystem/v3-ParticipationType",
      "version" : "5.0.0",
      "status" : "active",
      "name" : "ParticipationType",
      "title" : "ParticipationType",
      "description" : "A code specifying the meaning and purpose of every Participation instance. Each of its values implies specific constraints on the Roles undertaking the participation.",
      "oids" : ["2.16.840.1.113883.5.90"],
      "uses" : {
      },
      "http://hl7.org/fhir/R4/valueset-encounter-participant-type.html" : "Participant type"
    },
    {
      "url" : "http://terminology.hl7.org/CodeSystem/v3-RoleCode",
      "version" : "3.0.0",
      "status" : "active",
      "name" : "RoleCode",
      "title" : "RoleCode",
      "description" : "A set of codes further specifying the kind of Role; specific classification codes for further qualifying RoleClass codes.",
      "oids" : ["2.16.840.1.113883.5.111"],
      "uses" : {
      },
      "http://hl7.org/fhir/R4/valueset-relatedperson-relationshiptype.html" : "Patient relationship type"
    },
    {
      "url" : "http://terminology.hl7.org/CodeSystem/v3-TribalEntityUS",
      "version" : "4.0.0",
      "status" : "active",
      "name" : "TribalEntityUS",
      "title" : "TribalEntityUS",
      "description" : "INDIAN ENTITIES RECOGNIZED AND ELIGIBLE TO RECEIVE SERVICES FROM THE UNITED STATES BUREAU OF INDIAN AFFAIRS",
      "oids" : ["2.16.840.1.113883.5.140"],
      "uses" : {
      },
      "http://terminology.hl7.org/6.5.0/ValueSet-v3-TribalEntityUS.html" : "TribalEntityUS"
    },
    {
      "url" : "urn:ietf:bcp:47",
      "version" : "2.0.1",
      "status" : "active",
      "name" : "Ietf3066",
      "title" : "Tags for the Identification of Languages",
      "description" : "Older value from OID registry.  Superceded; see recommendations in BCP-47.",
      "oids" : ["2.16.840.1.113883.6.121"],
      "uses" : {
      },
      "http://hl7.org/fhir/R4/valueset-languages.html" : "Common Languages"
    }
  ]
}
