{
  "resourceType" : "Condition",
  "id" : "WRChildDisability",
  "meta" : {
    "profile" : ["http://wrig.corisystem.org/StructureDefinition/WRCondition"]
  },
  "text" : {
    "status" : "generated",
    "div" : "<div xmlns=\"http://www.w3.org/1999/xhtml\"><p class=\"res-header-id\"><b>Generated Narrative: Condition WRChildDisability</b></p><a name=\"WRChildDisability\"> </a><a name=\"hcWRChildDisability\"> </a><div style=\"display: inline-block; background-color: #d9e0e7; padding: 6px; margin: 4px; border: 1px solid #8da1b4; border-radius: 5px; line-height: 60%\"><p style=\"margin-bottom: 0px\"/><p style=\"margin-bottom: 0px\">Profile: <a href=\"StructureDefinition-WRCondition.html\">Work Requirements Condition</a></p></div><p><b>code</b>: <span title=\"Codes:\">Child disability (example)</span></p><p><b>subject</b>: <a href=\"Patient-WRChildPatient.html\">Child Example  Male, DoB: 2015-09-01 ( http://example.org/ids/patient#P-WR-CHILD-001)</a></p><p><b>onset</b>: 2024-01-01</p></div>"
  },
  "code" : {
    "text" : "Child disability (example)"
  },
  "subject" : {
    "reference" : "Patient/WRChildPatient"
  },
  "onsetDateTime" : "2024-01-01"
}