<?xml version="1.0" encoding="UTF-8"?>

<Condition xmlns="http://hl7.org/fhir">
  <id value="WRPregnancyCondition"/>
  <meta>
    <profile value="http://wrig.corisystem.org/StructureDefinition/WRCondition"/>
  </meta>
  <text>
    <status value="generated"/><div xmlns="http://www.w3.org/1999/xhtml"><p class="res-header-id"><b>Generated Narrative: Condition WRPregnancyCondition</b></p><a name="WRPregnancyCondition"> </a><a name="hcWRPregnancyCondition"> </a><div style="display: inline-block; background-color: #d9e0e7; padding: 6px; margin: 4px; border: 1px solid #8da1b4; border-radius: 5px; line-height: 60%"><p style="margin-bottom: 0px"/><p style="margin-bottom: 0px">Profile: <a href="StructureDefinition-WRCondition.html">Work Requirements Condition</a></p></div><p><b>clinicalStatus</b>: <span title="Codes:{http://terminology.hl7.org/CodeSystem/condition-clinical active}">Active</span></p><p><b>code</b>: <span title="Codes:{http://snomed.info/sct 77386006}">Pregnant</span></p><p><b>subject</b>: <a href="Patient-WRExamplePatient.html">Pat Example  Female, DoB: 2008-05-01 ( http://example.org/ids/patient#P-WR-001)</a></p><p><b>onset</b>: 2025-01-01</p></div>
  </text>
  <clinicalStatus>
    <coding>
      <system value="http://terminology.hl7.org/CodeSystem/condition-clinical"/>
      <code value="active"/>
      <display value="Active"/>
    </coding>
  </clinicalStatus>
  <code>
    <coding>
      <system value="http://snomed.info/sct"/>
      <code value="77386006"/>
      <display value="Pregnant"/>
    </coding>
  </code>
  <subject>
    <reference value="Patient/WRExamplePatient"/>
  </subject>
  <onsetDateTime value="2025-01-01"/>
</Condition>