{
  "resourceType" : "Coverage",
  "id" : "WRTanfCoverage",
  "meta" : {
    "profile" : ["http://wrig.corisystem.org/StructureDefinition/WRCoverage"]
  },
  "text" : {
    "status" : "generated",
    "div" : "<div xmlns=\"http://www.w3.org/1999/xhtml\"><p class=\"res-header-id\"><b>Generated Narrative: Coverage WRTanfCoverage</b></p><a name=\"WRTanfCoverage\"> </a><a name=\"hcWRTanfCoverage\"> </a><div style=\"display: inline-block; background-color: #d9e0e7; padding: 6px; margin: 4px; border: 1px solid #8da1b4; border-radius: 5px; line-height: 60%\"><p style=\"margin-bottom: 0px\"/><p style=\"margin-bottom: 0px\">Profile: <a href=\"StructureDefinition-WRCoverage.html\">Work Requirements Coverage</a></p></div><p><b>status</b>: Active</p><p><b>type</b>: <span title=\"Codes:{http://example.org/codes/program TANF}\">TANF</span></p><p><b>beneficiary</b>: <a href=\"Patient-WRExamplePatient.html\">Pat Example  Female, DoB: 2008-05-01 ( http://example.org/ids/patient#P-WR-001)</a></p><p><b>period</b>: 2025-01-01 --&gt; 2025-12-31</p><p><b>payor</b>: <a href=\"Organization-WRTreatmentOrg.html\">Organization Community Recovery Clinic</a></p></div>"
  },
  "status" : "active",
  "type" : {
    "coding" : [{
      "system" : "http://example.org/codes/program",
      "code" : "TANF",
      "display" : "TANF"
    }]
  },
  "beneficiary" : {
    "reference" : "Patient/WRExamplePatient"
  },
  "period" : {
    "start" : "2025-01-01",
    "end" : "2025-12-31"
  },
  "payor" : [{
    "reference" : "Organization/WRTreatmentOrg"
  }]
}