<?xml version="1.0" encoding="UTF-8"?>

<Encounter xmlns="http://hl7.org/fhir">
  <id value="WRInpatientEncounter"/>
  <meta>
    <profile value="http://wrig.corisystem.org/StructureDefinition/WREncounter"/>
  </meta>
  <text>
    <status value="generated"/><div xmlns="http://www.w3.org/1999/xhtml"><p class="res-header-id"><b>Generated Narrative: Encounter WRInpatientEncounter</b></p><a name="WRInpatientEncounter"> </a><a name="hcWRInpatientEncounter"> </a><div style="display: inline-block; background-color: #d9e0e7; padding: 6px; margin: 4px; border: 1px solid #8da1b4; border-radius: 5px; line-height: 60%"><p style="margin-bottom: 0px"/><p style="margin-bottom: 0px">Profile: <a href="StructureDefinition-WREncounter.html">Work Requirements Encounter</a></p></div><p><b>status</b>: Finished</p><p><b>class</b>: <a href="http://terminology.hl7.org/6.5.0/CodeSystem-v3-ActCode.html#v3-ActCode-IMP">ActCode IMP</a>: inpatient encounter</p><p><b>subject</b>: <a href="Patient-WRExamplePatient.html">Pat Example  Female, DoB: 2008-05-01 ( http://example.org/ids/patient#P-WR-001)</a></p><p><b>period</b>: 2025-02-10 --&gt; 2025-02-14</p><p><b>serviceProvider</b>: <a href="Organization-WRHospitalOrg.html">Organization General Hospital</a></p></div>
  </text>
  <status value="finished"/>
  <class>
    <system value="http://terminology.hl7.org/CodeSystem/v3-ActCode"/>
    <code value="IMP"/>
    <display value="inpatient encounter"/>
  </class>
  <subject>
    <reference value="Patient/WRExamplePatient"/>
  </subject>
  <period>
    <start value="2025-02-10"/>
    <end value="2025-02-14"/>
  </period>
  <serviceProvider>
    <reference value="Organization/WRHospitalOrg"/>
  </serviceProvider>
</Encounter>