{
  "resourceType" : "EpisodeOfCare",
  "id" : "WRTreatmentEpisode",
  "meta" : {
    "profile" : ["http://wrig.corisystem.org/StructureDefinition/WREpisodeOfCare"]
  },
  "text" : {
    "status" : "generated",
    "div" : "<div xmlns=\"http://www.w3.org/1999/xhtml\"><p class=\"res-header-id\"><b>Generated Narrative: EpisodeOfCare WRTreatmentEpisode</b></p><a name=\"WRTreatmentEpisode\"> </a><a name=\"hcWRTreatmentEpisode\"> </a><div style=\"display: inline-block; background-color: #d9e0e7; padding: 6px; margin: 4px; border: 1px solid #8da1b4; border-radius: 5px; line-height: 60%\"><p style=\"margin-bottom: 0px\"/><p style=\"margin-bottom: 0px\">Profile: <a href=\"StructureDefinition-WREpisodeOfCare.html\">Work Requirements EpisodeOfCare</a></p></div><p><b>status</b>: Active</p><p><b>type</b>: <span title=\"Codes:{http://example.org/codes/episode-type SUBSTANCE-USE-TREATMENT}\">Substance use treatment</span></p><p><b>patient</b>: <a href=\"Patient-WRExamplePatient.html\">Pat Example  Female, DoB: 2008-05-01 ( http://example.org/ids/patient#P-WR-001)</a></p><p><b>managingOrganization</b>: <a href=\"Organization-WRTreatmentOrg.html\">Organization Community Recovery Clinic</a></p><p><b>period</b>: 2025-03-01 --&gt; 2025-06-01</p></div>"
  },
  "status" : "active",
  "type" : [{
    "coding" : [{
      "system" : "http://example.org/codes/episode-type",
      "code" : "SUBSTANCE-USE-TREATMENT",
      "display" : "Substance use treatment"
    }]
  }],
  "patient" : {
    "reference" : "Patient/WRExamplePatient"
  },
  "managingOrganization" : {
    "reference" : "Organization/WRTreatmentOrg"
  },
  "period" : {
    "start" : "2025-03-01",
    "end" : "2025-06-01"
  }
}