{
  "resourceType" : "Observation",
  "id" : "WRProgramCompliance",
  "meta" : {
    "profile" : ["http://wrig.corisystem.org/StructureDefinition/WRObservation"]
  },
  "text" : {
    "status" : "generated",
    "div" : "<div xmlns=\"http://www.w3.org/1999/xhtml\"><p class=\"res-header-id\"><b>Generated Narrative: Observation WRProgramCompliance</b></p><a name=\"WRProgramCompliance\"> </a><a name=\"hcWRProgramCompliance\"> </a><div style=\"display: inline-block; background-color: #d9e0e7; padding: 6px; margin: 4px; border: 1px solid #8da1b4; border-radius: 5px; line-height: 60%\"><p style=\"margin-bottom: 0px\"/><p style=\"margin-bottom: 0px\">Profile: <a href=\"StructureDefinition-WRObservation.html\">Work Requirements Observation</a></p></div><p><b>status</b>: Final</p><p><b>code</b>: <span title=\"Codes:{http://example.org/codes/program-compliance compliant}\">Program compliance</span></p><p><b>subject</b>: <a href=\"Patient-WRExamplePatient.html\">Pat Example  Female, DoB: 2008-05-01 ( http://example.org/ids/patient#P-WR-001)</a></p><p><b>effective</b>: 2025-03-31</p><p><b>value</b>: true</p></div>"
  },
  "status" : "final",
  "code" : {
    "coding" : [{
      "system" : "http://example.org/codes/program-compliance",
      "code" : "compliant",
      "display" : "Program compliance"
    }]
  },
  "subject" : {
    "reference" : "Patient/WRExamplePatient"
  },
  "effectiveDateTime" : "2025-03-31",
  "valueBoolean" : true
}