{
  "resourceType" : "Observation",
  "id" : "WRTravelForCare",
  "meta" : {
    "profile" : ["http://wrig.corisystem.org/StructureDefinition/WRObservation"]
  },
  "text" : {
    "status" : "generated",
    "div" : "<div xmlns=\"http://www.w3.org/1999/xhtml\"><p class=\"res-header-id\"><b>Generated Narrative: Observation WRTravelForCare</b></p><a name=\"WRTravelForCare\"> </a><a name=\"hcWRTravelForCare\"> </a><div style=\"display: inline-block; background-color: #d9e0e7; padding: 6px; margin: 4px; border: 1px solid #8da1b4; border-radius: 5px; line-height: 60%\"><p style=\"margin-bottom: 0px\"/><p style=\"margin-bottom: 0px\">Profile: <a href=\"StructureDefinition-WRObservation.html\">Work Requirements Observation</a></p></div><p><b>status</b>: Final</p><p><b>code</b>: <span title=\"Codes:{http://example.org/codes/hardship travel-for-care}\">Travel for care</span></p><p><b>subject</b>: <a href=\"Patient-WRExamplePatient.html\">Pat Example  Female, DoB: 2008-05-01 ( http://example.org/ids/patient#P-WR-001)</a></p><p><b>effective</b>: 2025-02-09</p><p><b>value</b>: true</p><p><b>note</b>: </p><blockquote><div><p>Required travel to tertiary facility</p>\n</div></blockquote></div>"
  },
  "status" : "final",
  "code" : {
    "coding" : [{
      "system" : "http://example.org/codes/hardship",
      "code" : "travel-for-care",
      "display" : "Travel for care"
    }]
  },
  "subject" : {
    "reference" : "Patient/WRExamplePatient"
  },
  "effectiveDateTime" : "2025-02-09",
  "valueBoolean" : true,
  "note" : [{
    "text" : "Required travel to tertiary facility"
  }]
}