{
  "resourceType" : "Observation",
  "id" : "WRVaDisabilityRating",
  "meta" : {
    "profile" : ["http://wrig.corisystem.org/StructureDefinition/WRObservation"]
  },
  "text" : {
    "status" : "generated",
    "div" : "<div xmlns=\"http://www.w3.org/1999/xhtml\"><p class=\"res-header-id\"><b>Generated Narrative: Observation WRVaDisabilityRating</b></p><a name=\"WRVaDisabilityRating\"> </a><a name=\"hcWRVaDisabilityRating\"> </a><div style=\"display: inline-block; background-color: #d9e0e7; padding: 6px; margin: 4px; border: 1px solid #8da1b4; border-radius: 5px; line-height: 60%\"><p style=\"margin-bottom: 0px\"/><p style=\"margin-bottom: 0px\">Profile: <a href=\"StructureDefinition-WRObservation.html\">Work Requirements Observation</a></p></div><p><b>status</b>: Final</p><p><b>code</b>: <span title=\"Codes:{http://example.org/codes/va-disability-rating total}\">VA total disability rating</span></p><p><b>subject</b>: <a href=\"Patient-WRVeteranPatient.html\">Val Veteran  Male, DoB: 1980-07-04 ( http://va.gov/identifier/veteranId#VA-0012345)</a></p><p><b>effective</b>: 2025-02-01</p><p><b>value</b>: 70 %<span style=\"background: LightGoldenRodYellow\"> (Details: UCUM  code% = '%')</span></p></div>"
  },
  "status" : "final",
  "code" : {
    "coding" : [{
      "system" : "http://example.org/codes/va-disability-rating",
      "code" : "total",
      "display" : "VA total disability rating"
    }]
  },
  "subject" : {
    "reference" : "Patient/WRVeteranPatient"
  },
  "effectiveDateTime" : "2025-02-01",
  "valueQuantity" : {
    "value" : 70,
    "unit" : "%",
    "system" : "http://unitsofmeasure.org",
    "code" : "%"
  }
}