{
  "resourceType" : "Patient",
  "id" : "WRVeteranPatient",
  "meta" : {
    "profile" : ["http://wrig.corisystem.org/StructureDefinition/WRPatient"]
  },
  "text" : {
    "status" : "generated",
    "div" : "<div xmlns=\"http://www.w3.org/1999/xhtml\"><p class=\"res-header-id\"><b>Generated Narrative: Patient WRVeteranPatient</b></p><a name=\"WRVeteranPatient\"> </a><a name=\"hcWRVeteranPatient\"> </a><div style=\"display: inline-block; background-color: #d9e0e7; padding: 6px; margin: 4px; border: 1px solid #8da1b4; border-radius: 5px; line-height: 60%\"><p style=\"margin-bottom: 0px\"/><p style=\"margin-bottom: 0px\">Profile: <a href=\"StructureDefinition-WRPatient.html\">Work Requirements Patient</a></p></div><p style=\"border: 1px #661aff solid; background-color: #e6e6ff; padding: 10px;\">Val Veteran  Male, DoB: 1980-07-04 ( http://va.gov/identifier/veteranId#VA-0012345)</p><hr/></div>"
  },
  "identifier" : [{
    "system" : "http://va.gov/identifier/veteranId",
    "value" : "VA-0012345"
  }],
  "name" : [{
    "family" : "Veteran",
    "given" : ["Val"]
  }],
  "gender" : "male",
  "birthDate" : "1980-07-04"
}