{
  "resourceType" : "Patient",
  "id" : "WRChildPatient",
  "meta" : {
    "profile" : ["http://wrig.corisystem.org/StructureDefinition/WRPatient"]
  },
  "text" : {
    "status" : "generated",
    "div" : "<div xmlns=\"http://www.w3.org/1999/xhtml\"><p class=\"res-header-id\"><b>Generated Narrative: Patient WRChildPatient</b></p><a name=\"WRChildPatient\"> </a><a name=\"hcWRChildPatient\"> </a><div style=\"display: inline-block; background-color: #d9e0e7; padding: 6px; margin: 4px; border: 1px solid #8da1b4; border-radius: 5px; line-height: 60%\"><p style=\"margin-bottom: 0px\"/><p style=\"margin-bottom: 0px\">Profile: <a href=\"StructureDefinition-WRPatient.html\">Work Requirements Patient</a></p></div><p style=\"border: 1px #661aff solid; background-color: #e6e6ff; padding: 10px;\">Child Example  Male, DoB: 2015-09-01 ( http://example.org/ids/patient#P-WR-CHILD-001)</p><hr/></div>"
  },
  "identifier" : [{
    "system" : "http://example.org/ids/patient",
    "value" : "P-WR-CHILD-001"
  }],
  "name" : [{
    "family" : "Example",
    "given" : ["Child"]
  }],
  "gender" : "male",
  "birthDate" : "2015-09-01"
}