<?xml version="1.0" encoding="UTF-8"?>

<RelatedPerson xmlns="http://hl7.org/fhir">
  <id value="WRParentRelatedPerson"/>
  <meta>
    <profile value="http://wrig.corisystem.org/StructureDefinition/WRRelatedPerson"/>
  </meta>
  <text>
    <status value="generated"/><div xmlns="http://www.w3.org/1999/xhtml"><p class="res-header-id"><b>Generated Narrative: RelatedPerson WRParentRelatedPerson</b></p><a name="WRParentRelatedPerson"> </a><a name="hcWRParentRelatedPerson"> </a><div style="display: inline-block; background-color: #d9e0e7; padding: 6px; margin: 4px; border: 1px solid #8da1b4; border-radius: 5px; line-height: 60%"><p style="margin-bottom: 0px"/><p style="margin-bottom: 0px">Profile: <a href="StructureDefinition-WRRelatedPerson.html">Work Requirements Related Person</a></p></div><p><b>patient</b>: <a href="Patient-WRChildPatient.html">Child Example  Male, DoB: 2015-09-01 ( http://example.org/ids/patient#P-WR-CHILD-001)</a></p><p><b>relationship</b>: <span title="Codes:{http://terminology.hl7.org/CodeSystem/v3-RoleCode PRN}">parent</span></p><p><b>name</b>: Parent Caretaker </p></div>
  </text>
  <patient>
    <reference value="Patient/WRChildPatient"/>
  </patient>
  <relationship>
    <coding>
      <system value="http://terminology.hl7.org/CodeSystem/v3-RoleCode"/>
      <code value="PRN"/>
      <display value="parent"/>
    </coding>
  </relationship>
  <name>
    <family value="Caretaker"/>
    <given value="Parent"/>
  </name>
</RelatedPerson>