{
  "resourceType" : "RelatedPerson",
  "id" : "WRParentRelatedPerson",
  "meta" : {
    "profile" : ["http://wrig.corisystem.org/StructureDefinition/WRRelatedPerson"]
  },
  "text" : {
    "status" : "generated",
    "div" : "<div xmlns=\"http://www.w3.org/1999/xhtml\"><p class=\"res-header-id\"><b>Generated Narrative: RelatedPerson WRParentRelatedPerson</b></p><a name=\"WRParentRelatedPerson\"> </a><a name=\"hcWRParentRelatedPerson\"> </a><div style=\"display: inline-block; background-color: #d9e0e7; padding: 6px; margin: 4px; border: 1px solid #8da1b4; border-radius: 5px; line-height: 60%\"><p style=\"margin-bottom: 0px\"/><p style=\"margin-bottom: 0px\">Profile: <a href=\"StructureDefinition-WRRelatedPerson.html\">Work Requirements Related Person</a></p></div><p><b>patient</b>: <a href=\"Patient-WRChildPatient.html\">Child Example  Male, DoB: 2015-09-01 ( http://example.org/ids/patient#P-WR-CHILD-001)</a></p><p><b>relationship</b>: <span title=\"Codes:{http://terminology.hl7.org/CodeSystem/v3-RoleCode PRN}\">parent</span></p><p><b>name</b>: Parent Caretaker </p></div>"
  },
  "patient" : {
    "reference" : "Patient/WRChildPatient"
  },
  "relationship" : [{
    "coding" : [{
      "system" : "http://terminology.hl7.org/CodeSystem/v3-RoleCode",
      "code" : "PRN",
      "display" : "parent"
    }]
  }],
  "name" : [{
    "family" : "Caretaker",
    "given" : ["Parent"]
  }]
}