{
  "package": "my-ig",
  "version": "0.1.0",
  "fhirVersion": "4.0.1",
  "extensions": [],
  "profiles": {
    "Condition": [
      {
        "url": "http://wrig.corisystem.org/StructureDefinition/WRCondition",
        "title": "Work Requirements Condition"
      }
    ],
    "Coverage": [
      {
        "url": "http://wrig.corisystem.org/StructureDefinition/WRCoverage",
        "title": "Work Requirements Coverage"
      }
    ],
    "Encounter": [
      {
        "url": "http://wrig.corisystem.org/StructureDefinition/WREncounter",
        "title": "Work Requirements Encounter"
      }
    ],
    "EpisodeOfCare": [
      {
        "url": "http://wrig.corisystem.org/StructureDefinition/WREpisodeOfCare",
        "title": "Work Requirements EpisodeOfCare"
      }
    ],
    "Observation": [
      {
        "url": "http://wrig.corisystem.org/StructureDefinition/WRObservation",
        "title": "Work Requirements Observation"
      }
    ],
    "Patient": [
      {
        "url": "http://wrig.corisystem.org/StructureDefinition/WRPatient",
        "title": "Work Requirements Patient"
      }
    ],
    "RelatedPerson": [
      {
        "url": "http://wrig.corisystem.org/StructureDefinition/WRRelatedPerson",
        "title": "Work Requirements Related Person"
      }
    ]
  },
  "usage": {
    "http://hl7.org/fhir/StructureDefinition/elementdefinition-bestpractice": [
      "StructureDefinition.snapshot.element.constraint"
    ],
    "http://hl7.org/fhir/StructureDefinition/elementdefinition-bestpractice-explanation": [
      "StructureDefinition.snapshot.element.constraint"
    ],
    "http://hl7.org/fhir/StructureDefinition/elementdefinition-bindingName": [
      "StructureDefinition.snapshot.element.binding"
    ],
    "http://hl7.org/fhir/StructureDefinition/elementdefinition-maxValueSet": [
      "StructureDefinition.snapshot.element.binding"
    ],
    "http://hl7.org/fhir/StructureDefinition/structuredefinition-display-hint": [
      "StructureDefinition.snapshot.element"
    ],
    "http://hl7.org/fhir/StructureDefinition/structuredefinition-fhir-type": [
      "StructureDefinition.snapshot.element.type"
    ],
    "http://hl7.org/fhir/StructureDefinition/structuredefinition-hierarchy": [
      "StructureDefinition.snapshot.element.type"
    ],
    "http://hl7.org/fhir/tools/StructureDefinition/ig-internal-dependency": [
      "ImplementationGuide.definition"
    ],
    "http://hl7.org/fhir/tools/StructureDefinition/ig-page-name": [
      "ImplementationGuide.definition.page",
      "ImplementationGuide.definition.page.page"
    ],
    "http://hl7.org/fhir/tools/StructureDefinition/ig-parameter": [
      "ImplementationGuide.definition"
    ],
    "http://hl7.org/fhir/tools/StructureDefinition/implementationguide-dependency-comment": [
      "ImplementationGuide.dependsOn"
    ],
    "http://hl7.org/fhir/tools/StructureDefinition/resource-information": [
      "ImplementationGuide.definition.resource"
    ],
    "http://hl7.org/fhir/tools/StructureDefinition/snapshot-base-version": [
      "StructureDefinition.snapshot"
    ]
  }
}