{
  "codeSystems" : [
    {
      "url" : "http://hl7.org/fhir/ValueSet/administrative-gender",
      "version" : "4.0.1",
      "status" : "active",
      "name" : "AdministrativeGender",
      "title" : "AdministrativeGender",
      "description" : "The gender of a person used for administrative purposes.",
      "systems" : ["http://hl7.org/fhir/administrative-gender"],
      "oids" : ["2.16.840.1.113883.4.642.3.1"],
      "sources" : ["2.16.840.1.113883.4.642.3.1"],
      "uses" : {
      },
      "StructureDefinition-WRPatient.html" : "Work Requirements Patient",
      "StructureDefinition-WRRelatedPerson.html" : "Work Requirements Related Person"
    },
    {
      "url" : "http://hl7.org/fhir/ValueSet/body-site",
      "version" : "4.0.1",
      "status" : "draft",
      "name" : "SNOMEDCTBodyStructures",
      "title" : "SNOMED CT Body Structures",
      "description" : "This value set includes all codes from [SNOMED CT](http://snomed.info/sct) where concept is-a 442083009 (Anatomical or acquired body site (body structure)).",
      "systems" : ["http://snomed.info/sct"],
      "oids" : ["2.16.840.1.113883.4.642.3.141"],
      "sources" : ["2.16.840.1.113883.4.642.3.141"],
      "uses" : {
      },
      "StructureDefinition-WRObservation.html" : "Work Requirements Observation",
      "StructureDefinition-WRCondition.html" : "Work Requirements Condition"
    },
    {
      "url" : "http://hl7.org/fhir/ValueSet/condition-category",
      "version" : "4.0.1",
      "status" : "draft",
      "name" : "ConditionCategoryCodes",
      "title" : "Condition Category Codes",
      "description" : "Preferred value set for Condition Categories.",
      "systems" : ["http://terminology.hl7.org/CodeSystem/condition-category"],
      "oids" : ["2.16.840.1.113883.4.642.3.162"],
      "sources" : ["2.16.840.1.113883.4.642.3.162"],
      "uses" : {
      },
      "StructureDefinition-WRCondition.html" : "Work Requirements Condition"
    },
    {
      "url" : "http://hl7.org/fhir/ValueSet/condition-clinical",
      "version" : "4.0.1",
      "status" : "draft",
      "name" : "ConditionClinicalStatusCodes",
      "title" : "Condition Clinical Status Codes",
      "description" : "Preferred value set for Condition Clinical Status.",
      "systems" : ["http://terminology.hl7.org/CodeSystem/condition-clinical"],
      "oids" : ["2.16.840.1.113883.4.642.3.164"],
      "sources" : ["2.16.840.1.113883.4.642.3.164"],
      "uses" : {
      },
      "StructureDefinition-WRCondition.html" : "Work Requirements Condition"
    },
    {
      "url" : "http://hl7.org/fhir/ValueSet/condition-code",
      "version" : "4.0.1",
      "status" : "draft",
      "name" : "Condition/Problem/DiagnosisCodes",
      "title" : "Condition/Problem/Diagnosis Codes",
      "description" : "Example value set for Condition/Problem/Diagnosis codes.",
      "systems" : ["http://snomed.info/sct"],
      "oids" : ["2.16.840.1.113883.4.642.3.161"],
      "sources" : ["2.16.840.1.113883.4.642.3.161"],
      "uses" : {
      },
      "StructureDefinition-WRCondition.html" : "Work Requirements Condition"
    },
    {
      "url" : "http://hl7.org/fhir/ValueSet/condition-severity",
      "version" : "4.0.1",
      "status" : "draft",
      "name" : "Condition/DiagnosisSeverity",
      "title" : "Condition/Diagnosis Severity",
      "description" : "Preferred value set for Condition/Diagnosis severity grading.",
      "systems" : ["http://snomed.info/sct"],
      "oids" : ["2.16.840.1.113883.4.642.3.168"],
      "sources" : ["2.16.840.1.113883.4.642.3.168"],
      "uses" : {
      },
      "StructureDefinition-WRCondition.html" : "Work Requirements Condition"
    },
    {
      "url" : "http://hl7.org/fhir/ValueSet/condition-stage",
      "version" : "4.0.1",
      "status" : "draft",
      "name" : "ConditionStage",
      "title" : "Condition Stage",
      "description" : "Example value set for stages of cancer and other conditions.",
      "systems" : ["http://snomed.info/sct"],
      "oids" : ["2.16.840.1.113883.4.642.3.170"],
      "sources" : ["2.16.840.1.113883.4.642.3.170"],
      "uses" : {
      },
      "StructureDefinition-WRCondition.html" : "Work Requirements Condition"
    },
    {
      "url" : "http://hl7.org/fhir/ValueSet/condition-stage-type",
      "version" : "4.0.1",
      "status" : "draft",
      "name" : "ConditionStageType",
      "title" : "Condition Stage Type",
      "description" : "Example value set for the type of stages of cancer and other conditions",
      "systems" : ["http://snomed.info/sct"],
      "oids" : ["2.16.840.1.113883.4.642.3.171"],
      "sources" : ["2.16.840.1.113883.4.642.3.171"],
      "uses" : {
      },
      "StructureDefinition-WRCondition.html" : "Work Requirements Condition"
    },
    {
      "url" : "http://hl7.org/fhir/ValueSet/condition-ver-status",
      "version" : "4.0.1",
      "status" : "draft",
      "name" : "ConditionVerificationStatus",
      "title" : "ConditionVerificationStatus",
      "description" : "The verification status to support or decline the clinical status of the condition or diagnosis.",
      "systems" : ["http://terminology.hl7.org/CodeSystem/condition-ver-status"],
      "oids" : ["2.16.840.1.113883.4.642.3.166"],
      "sources" : ["2.16.840.1.113883.4.642.3.166"],
      "uses" : {
      },
      "StructureDefinition-WRCondition.html" : "Work Requirements Condition"
    },
    {
      "url" : "http://hl7.org/fhir/ValueSet/coverage-class",
      "version" : "4.0.1",
      "status" : "draft",
      "name" : "CoverageClassCodes",
      "title" : "Coverage Class Codes",
      "description" : "This value set includes Coverage Class codes.",
      "systems" : ["http://terminology.hl7.org/CodeSystem/coverage-class"],
      "oids" : ["2.16.840.1.113883.4.642.3.1009"],
      "sources" : ["2.16.840.1.113883.4.642.3.1009"],
      "uses" : {
      },
      "StructureDefinition-WRCoverage.html" : "Work Requirements Coverage"
    },
    {
      "url" : "http://hl7.org/fhir/ValueSet/coverage-copay-type",
      "version" : "4.0.1",
      "status" : "draft",
      "name" : "CoverageCopayTypeCodes",
      "title" : "Coverage Copay Type Codes",
      "description" : "This value set includes sample Coverage Copayment Type codes.",
      "systems" : ["http://terminology.hl7.org/CodeSystem/coverage-copay-type"],
      "oids" : ["2.16.840.1.113883.4.642.3.527"],
      "sources" : ["2.16.840.1.113883.4.642.3.527"],
      "uses" : {
      },
      "StructureDefinition-WRCoverage.html" : "Work Requirements Coverage"
    },
    {
      "url" : "http://hl7.org/fhir/ValueSet/coverage-financial-exception",
      "version" : "4.0.1",
      "status" : "draft",
      "name" : "ExampleCoverageFinancialExceptionCodes",
      "title" : "Example Coverage Financial Exception Codes",
      "description" : "This value set includes Example Coverage Financial Exception Codes.",
      "systems" : [
        "http://terminology.hl7.org/CodeSystem/ex-coverage-financial-exception"
      ],
      "oids" : ["2.16.840.1.113883.4.642.3.1328"],
      "sources" : ["2.16.840.1.113883.4.642.3.1328"],
      "uses" : {
      },
      "StructureDefinition-WRCoverage.html" : "Work Requirements Coverage"
    },
    {
      "url" : "http://hl7.org/fhir/ValueSet/coverage-type",
      "version" : "4.0.1",
      "status" : "draft",
      "name" : "CoverageTypeAndSelf-PayCodes",
      "title" : "Coverage Type and Self-Pay Codes",
      "description" : "This value set includes Coverage Type codes.",
      "systems" : [
        "http://terminology.hl7.org/CodeSystem/coverage-selfpay",
        "http://terminology.hl7.org/CodeSystem/v3-ActCode"
      ],
      "oids" : ["2.16.840.1.113883.4.642.3.520"],
      "sources" : ["2.16.840.1.113883.4.642.3.520"],
      "uses" : {
      },
      "StructureDefinition-WRCoverage.html" : "Work Requirements Coverage"
    },
    {
      "url" : "http://hl7.org/fhir/ValueSet/data-absent-reason",
      "version" : "4.0.1",
      "status" : "active",
      "name" : "DataAbsentReason",
      "title" : "DataAbsentReason",
      "description" : "Used to specify why the normally expected content of the data element is missing.",
      "systems" : ["http://terminology.hl7.org/CodeSystem/data-absent-reason"],
      "oids" : ["2.16.840.1.113883.4.642.3.5"],
      "sources" : ["2.16.840.1.113883.4.642.3.5"],
      "uses" : {
      },
      "StructureDefinition-WRObservation.html" : "Work Requirements Observation"
    },
    {
      "url" : "http://hl7.org/fhir/ValueSet/diagnosis-role",
      "version" : "4.0.1",
      "status" : "draft",
      "name" : "DiagnosisRole",
      "title" : "DiagnosisRole",
      "description" : "This value set defines a set of codes that can be used to express the role of a diagnosis on the Encounter or EpisodeOfCare record.",
      "systems" : ["http://terminology.hl7.org/CodeSystem/diagnosis-role"],
      "oids" : ["2.16.840.1.113883.4.642.3.49"],
      "sources" : ["2.16.840.1.113883.4.642.3.49"],
      "uses" : {
      },
      "StructureDefinition-WREncounter.html" : "Work Requirements Encounter",
      "StructureDefinition-WREpisodeOfCare.html" : "Work Requirements EpisodeOfCare"
    },
    {
      "url" : "http://hl7.org/fhir/ValueSet/encounter-admit-source",
      "version" : "4.0.1",
      "status" : "draft",
      "name" : "AdmitSource",
      "title" : "Admit source",
      "description" : "This value set defines a set of codes that can be used to indicate from where the patient came in.",
      "systems" : ["http://terminology.hl7.org/CodeSystem/admit-source"],
      "oids" : ["2.16.840.1.113883.4.642.3.257"],
      "sources" : ["2.16.840.1.113883.4.642.3.257"],
      "uses" : {
      },
      "StructureDefinition-WREncounter.html" : "Work Requirements Encounter"
    },
    {
      "url" : "http://hl7.org/fhir/ValueSet/encounter-diet",
      "version" : "4.0.1",
      "status" : "draft",
      "name" : "Diet",
      "title" : "Diet",
      "description" : "This value set defines a set of codes that can be used to indicate dietary preferences or restrictions a patient may have.",
      "systems" : ["http://terminology.hl7.org/CodeSystem/diet"],
      "oids" : ["2.16.840.1.113883.4.642.3.255"],
      "sources" : ["2.16.840.1.113883.4.642.3.255"],
      "uses" : {
      },
      "StructureDefinition-WREncounter.html" : "Work Requirements Encounter"
    },
    {
      "url" : "http://hl7.org/fhir/ValueSet/encounter-discharge-disposition",
      "version" : "4.0.1",
      "status" : "draft",
      "name" : "DischargeDisposition",
      "title" : "Discharge disposition",
      "description" : "This value set defines a set of codes that can be used to where the patient left the hospital.",
      "systems" : [
        "http://terminology.hl7.org/CodeSystem/discharge-disposition"
      ],
      "oids" : ["2.16.840.1.113883.4.642.3.259"],
      "sources" : ["2.16.840.1.113883.4.642.3.259"],
      "uses" : {
      },
      "StructureDefinition-WREncounter.html" : "Work Requirements Encounter"
    },
    {
      "url" : "http://hl7.org/fhir/ValueSet/encounter-location-status",
      "version" : "4.0.1",
      "status" : "draft",
      "name" : "EncounterLocationStatus",
      "title" : "EncounterLocationStatus",
      "description" : "The status of the location.",
      "systems" : ["http://hl7.org/fhir/encounter-location-status"],
      "oids" : ["2.16.840.1.113883.4.642.3.262"],
      "sources" : ["2.16.840.1.113883.4.642.3.262"],
      "uses" : {
      },
      "StructureDefinition-WREncounter.html" : "Work Requirements Encounter"
    },
    {
      "url" : "http://hl7.org/fhir/ValueSet/encounter-participant-type",
      "version" : "4.0.1",
      "status" : "draft",
      "name" : "ParticipantType",
      "title" : "Participant type",
      "description" : "This value set defines a set of codes that can be used to indicate how an individual participates in an encounter.",
      "systems" : [
        "http://terminology.hl7.org/CodeSystem/participant-type",
        "http://terminology.hl7.org/CodeSystem/v3-ParticipationType"
      ],
      "oids" : ["2.16.840.1.113883.4.642.3.250"],
      "sources" : ["2.16.840.1.113883.4.642.3.250"],
      "uses" : {
      },
      "StructureDefinition-WREncounter.html" : "Work Requirements Encounter"
    },
    {
      "url" : "http://hl7.org/fhir/ValueSet/encounter-reason",
      "version" : "4.0.1",
      "status" : "draft",
      "name" : "EncounterReasonCodes",
      "title" : "Encounter Reason Codes",
      "description" : "This examples value set defines the set of codes that can be used to indicate reasons for an encounter.",
      "systems" : ["http://snomed.info/sct"],
      "oids" : ["2.16.840.1.113883.4.642.3.261"],
      "sources" : ["2.16.840.1.113883.4.642.3.261"],
      "uses" : {
      },
      "StructureDefinition-WREncounter.html" : "Work Requirements Encounter"
    },
    {
      "url" : "http://hl7.org/fhir/ValueSet/encounter-special-arrangements",
      "version" : "4.0.1",
      "status" : "draft",
      "name" : "SpecialArrangements",
      "title" : "Special arrangements",
      "description" : "This value set defines a set of codes that can be used to indicate the kinds of special arrangements in place for a patients visit.",
      "systems" : [
        "http://terminology.hl7.org/CodeSystem/encounter-special-arrangements"
      ],
      "oids" : ["2.16.840.1.113883.4.642.3.253"],
      "sources" : ["2.16.840.1.113883.4.642.3.253"],
      "uses" : {
      },
      "StructureDefinition-WREncounter.html" : "Work Requirements Encounter"
    },
    {
      "url" : "http://hl7.org/fhir/ValueSet/encounter-special-courtesy",
      "version" : "4.0.1",
      "status" : "draft",
      "name" : "SpecialCourtesy",
      "title" : "Special courtesy",
      "description" : "This value set defines a set of codes that can be used to indicate special courtesies provided to the patient.",
      "systems" : [
        "http://terminology.hl7.org/CodeSystem/v3-EncounterSpecialCourtesy",
        "http://terminology.hl7.org/CodeSystem/v3-NullFlavor"
      ],
      "oids" : ["2.16.840.1.113883.4.642.3.252"],
      "sources" : ["2.16.840.1.113883.4.642.3.252"],
      "uses" : {
      },
      "StructureDefinition-WREncounter.html" : "Work Requirements Encounter"
    },
    {
      "url" : "http://hl7.org/fhir/ValueSet/encounter-status",
      "version" : "4.0.1",
      "status" : "draft",
      "name" : "EncounterStatus",
      "title" : "EncounterStatus",
      "description" : "Current state of the encounter.",
      "systems" : ["http://hl7.org/fhir/encounter-status"],
      "oids" : ["2.16.840.1.113883.4.642.3.246"],
      "sources" : ["2.16.840.1.113883.4.642.3.246"],
      "uses" : {
      },
      "StructureDefinition-WREncounter.html" : "Work Requirements Encounter"
    },
    {
      "url" : "http://hl7.org/fhir/ValueSet/encounter-type",
      "version" : "4.0.1",
      "status" : "draft",
      "name" : "EncounterType",
      "title" : "Encounter type",
      "description" : "This example value set defines a set of codes that can be used to indicate the type of encounter: a specific code indicating type of service provided.",
      "systems" : ["http://terminology.hl7.org/CodeSystem/encounter-type"],
      "oids" : ["2.16.840.1.113883.4.642.3.248"],
      "sources" : ["2.16.840.1.113883.4.642.3.248"],
      "uses" : {
      },
      "StructureDefinition-WREncounter.html" : "Work Requirements Encounter"
    },
    {
      "url" : "http://hl7.org/fhir/ValueSet/episode-of-care-status",
      "version" : "4.0.1",
      "status" : "draft",
      "name" : "EpisodeOfCareStatus",
      "title" : "EpisodeOfCareStatus",
      "description" : "The status of the episode of care.",
      "systems" : ["http://hl7.org/fhir/episode-of-care-status"],
      "oids" : ["2.16.840.1.113883.4.642.3.664"],
      "sources" : ["2.16.840.1.113883.4.642.3.664"],
      "uses" : {
      },
      "StructureDefinition-WREpisodeOfCare.html" : "Work Requirements EpisodeOfCare"
    },
    {
      "url" : "http://hl7.org/fhir/ValueSet/episodeofcare-type",
      "version" : "4.0.1",
      "status" : "draft",
      "name" : "EpisodeOfCareType",
      "title" : "Episode of care type",
      "description" : "This example value set defines a set of codes that can be used to express the usage type of an EpisodeOfCare record.",
      "systems" : ["http://terminology.hl7.org/CodeSystem/episodeofcare-type"],
      "oids" : ["2.16.840.1.113883.4.642.3.666"],
      "sources" : ["2.16.840.1.113883.4.642.3.666"],
      "uses" : {
      },
      "StructureDefinition-WREpisodeOfCare.html" : "Work Requirements EpisodeOfCare"
    },
    {
      "url" : "http://hl7.org/fhir/ValueSet/fm-status",
      "version" : "4.0.1",
      "status" : "draft",
      "name" : "FinancialResourceStatusCodes",
      "title" : "Financial Resource Status Codes",
      "description" : "This value set includes Status codes.",
      "systems" : ["http://hl7.org/fhir/fm-status"],
      "oids" : ["2.16.840.1.113883.4.642.3.592"],
      "sources" : ["2.16.840.1.113883.4.642.3.592"],
      "uses" : {
      },
      "StructureDefinition-WRCoverage.html" : "Work Requirements Coverage"
    },
    {
      "url" : "http://hl7.org/fhir/ValueSet/languages",
      "version" : "4.0.1",
      "status" : "draft",
      "name" : "CommonLanguages",
      "title" : "Common Languages",
      "description" : "This value set includes common codes from BCP-47 (http://tools.ietf.org/html/bcp47)",
      "systems" : ["urn:ietf:bcp:47"],
      "oids" : ["2.16.840.1.113883.4.642.3.20"],
      "sources" : ["2.16.840.1.113883.4.642.3.20"],
      "uses" : {
      },
      "StructureDefinition-WRPatient.html" : "Work Requirements Patient",
      "StructureDefinition-WRObservation.html" : "Work Requirements Observation",
      "StructureDefinition-WRCondition.html" : "Work Requirements Condition",
      "StructureDefinition-WREncounter.html" : "Work Requirements Encounter",
      "StructureDefinition-WRCoverage.html" : "Work Requirements Coverage",
      "StructureDefinition-WREpisodeOfCare.html" : "Work Requirements EpisodeOfCare",
      "StructureDefinition-WRRelatedPerson.html" : "Work Requirements Related Person"
    },
    {
      "url" : "http://hl7.org/fhir/ValueSet/link-type",
      "version" : "4.0.1",
      "status" : "active",
      "name" : "LinkType",
      "title" : "LinkType",
      "description" : "The type of link between this patient resource and another patient resource.",
      "systems" : ["http://hl7.org/fhir/link-type"],
      "oids" : ["2.16.840.1.113883.4.642.3.423"],
      "sources" : ["2.16.840.1.113883.4.642.3.423"],
      "uses" : {
      },
      "StructureDefinition-WRPatient.html" : "Work Requirements Patient"
    },
    {
      "url" : "http://hl7.org/fhir/ValueSet/location-physical-type",
      "version" : "4.0.1",
      "status" : "draft",
      "name" : "LocationType",
      "title" : "Location type",
      "description" : "This example value set defines a set of codes that can be used to indicate the physical form of the Location.",
      "systems" : [
        "http://terminology.hl7.org/CodeSystem/location-physical-type"
      ],
      "oids" : ["2.16.840.1.113883.4.642.3.328"],
      "sources" : ["2.16.840.1.113883.4.642.3.328"],
      "uses" : {
      },
      "StructureDefinition-WREncounter.html" : "Work Requirements Encounter"
    },
    {
      "url" : "http://hl7.org/fhir/ValueSet/manifestation-or-symptom",
      "version" : "4.0.1",
      "status" : "draft",
      "name" : "ManifestationAndSymptomCodes",
      "title" : "Manifestation and Symptom Codes",
      "description" : "Example value set for Manifestation and Symptom codes.",
      "systems" : ["http://snomed.info/sct"],
      "oids" : ["2.16.840.1.113883.4.642.3.169"],
      "sources" : ["2.16.840.1.113883.4.642.3.169"],
      "uses" : {
      },
      "StructureDefinition-WRCondition.html" : "Work Requirements Condition"
    },
    {
      "url" : "http://hl7.org/fhir/ValueSet/marital-status",
      "version" : "4.0.1",
      "status" : "active",
      "name" : "Marital Status Codes",
      "title" : "MaritalStatus",
      "description" : "This value set defines the set of codes that can be used to indicate the marital status of a person.",
      "systems" : [
        "http://terminology.hl7.org/CodeSystem/v3-MaritalStatus",
        "http://terminology.hl7.org/CodeSystem/v3-NullFlavor"
      ],
      "oids" : ["2.16.840.1.113883.4.642.3.29"],
      "sources" : ["2.16.840.1.113883.4.642.3.29"],
      "uses" : {
      },
      "StructureDefinition-WRPatient.html" : "Work Requirements Patient"
    },
    {
      "url" : "http://hl7.org/fhir/ValueSet/observation-category",
      "version" : "4.0.1",
      "status" : "draft",
      "name" : "ObservationCategoryCodes",
      "title" : "Observation Category Codes",
      "description" : "Observation Category codes.",
      "systems" : ["http://terminology.hl7.org/CodeSystem/observation-category"],
      "oids" : ["2.16.840.1.113883.4.642.3.403"],
      "sources" : ["2.16.840.1.113883.4.642.3.403"],
      "uses" : {
      },
      "StructureDefinition-WRObservation.html" : "Work Requirements Observation"
    },
    {
      "url" : "http://hl7.org/fhir/ValueSet/observation-codes",
      "version" : "4.0.1",
      "status" : "draft",
      "name" : "LOINCCodes",
      "title" : "LOINC Codes",
      "description" : "This value set includes all LOINC codes",
      "systems" : ["http://loinc.org"],
      "oids" : ["2.16.840.1.113883.4.642.3.396"],
      "sources" : ["2.16.840.1.113883.4.642.3.396"],
      "uses" : {
      },
      "StructureDefinition-WRObservation.html" : "Work Requirements Observation"
    },
    {
      "url" : "http://hl7.org/fhir/ValueSet/observation-interpretation",
      "version" : "4.0.1",
      "status" : "active",
      "name" : "ObservationInterpretationCodes",
      "title" : "Observation Interpretation Codes",
      "description" : "A categorical assessment, providing a rough qualitative interpretation of the observation value,    such as “normal”/ “abnormal”,”low” / “high”, “better” / “worse”, “susceptible” / “resistant”, “expected”/ “not expected”.    The value set is intended to be for ANY use where coded representation of an interpretation is needed.   \r\n   \r\n   Notes:\r\n   \r\n   This is being communicated in v2.x in OBX-8 (Observation Interpretation), in v3 in ObservationInterpretation (CWE) in R1 (Representative Realm) and in FHIR in    Observation.interpretation. Historically these values come from the laboratory domain, and these codes are extensively    used. The value set binding is extensible, so codes outside the value set that are needed for interpretation concepts    (i.e. particular meanings) that are not included in the value set can be used, and these new codes may also be added to    the value set and published in a future version.",
      "systems" : [
        "http://terminology.hl7.org/CodeSystem/v3-ObservationInterpretation"
      ],
      "oids" : ["2.16.840.1.113883.4.642.3.399"],
      "sources" : ["2.16.840.1.113883.4.642.3.399"],
      "uses" : {
      },
      "StructureDefinition-WRObservation.html" : "Work Requirements Observation"
    },
    {
      "url" : "http://hl7.org/fhir/ValueSet/observation-methods",
      "version" : "4.0.1",
      "status" : "draft",
      "name" : "ObservationMethods",
      "title" : "Observation Methods",
      "description" : "Observation Method codes from [SNOMED CT](http://snomed.info/sct) where concept is-a 272394005 (Technique (qualifier value)) or is-a 129264002 (Action (qualifier value)) or is-a 386053000 (Evaluation procedure(procedure))",
      "systems" : ["http://snomed.info/sct"],
      "oids" : ["2.16.840.1.113883.4.642.3.395"],
      "sources" : ["2.16.840.1.113883.4.642.3.395"],
      "uses" : {
      },
      "StructureDefinition-WRObservation.html" : "Work Requirements Observation"
    },
    {
      "url" : "http://hl7.org/fhir/ValueSet/observation-status",
      "version" : "4.0.1",
      "status" : "active",
      "name" : "ObservationStatus",
      "title" : "ObservationStatus",
      "description" : "Codes providing the status of an observation.",
      "systems" : ["http://hl7.org/fhir/observation-status"],
      "oids" : ["2.16.840.1.113883.4.642.3.400"],
      "sources" : ["2.16.840.1.113883.4.642.3.400"],
      "uses" : {
      },
      "StructureDefinition-WRObservation.html" : "Work Requirements Observation"
    },
    {
      "url" : "http://hl7.org/fhir/ValueSet/patient-contactrelationship",
      "version" : "4.0.1",
      "status" : "active",
      "name" : "PatientContactRelationship",
      "title" : "Patient Contact Relationship ",
      "description" : "The nature of the relationship between the patient and the contact person.",
      "systems" : ["http://terminology.hl7.org/CodeSystem/v2-0131"],
      "oids" : ["2.16.840.1.113883.4.642.3.1130"],
      "sources" : ["2.16.840.1.113883.4.642.3.1130"],
      "uses" : {
      },
      "StructureDefinition-WRPatient.html" : "Work Requirements Patient"
    },
    {
      "url" : "http://hl7.org/fhir/ValueSet/referencerange-appliesto",
      "version" : "4.0.1",
      "status" : "draft",
      "name" : "ObservationReferenceRangeAppliesToCodes",
      "title" : "Observation Reference Range Applies To Codes",
      "description" : "This value set defines a set of codes that can be used to indicate the particular target population the reference range applies to.",
      "systems" : [
        "http://terminology.hl7.org/CodeSystem/v3-Race",
        "http://snomed.info/sct"
      ],
      "oids" : ["2.16.840.1.113883.4.642.3.407"],
      "sources" : ["2.16.840.1.113883.4.642.3.407"],
      "uses" : {
      },
      "StructureDefinition-WRObservation.html" : "Work Requirements Observation"
    },
    {
      "url" : "http://hl7.org/fhir/ValueSet/referencerange-meaning",
      "version" : "4.0.1",
      "status" : "draft",
      "name" : "ObservationReferenceRangeMeaningCodes",
      "title" : "Observation Reference Range Meaning Codes",
      "description" : "This value set defines a set of codes that can be used to indicate the meaning/use of a reference range for a particular target population.",
      "systems" : [
        "http://terminology.hl7.org/CodeSystem/referencerange-meaning"
      ],
      "oids" : ["2.16.840.1.113883.4.642.3.397"],
      "sources" : ["2.16.840.1.113883.4.642.3.397"],
      "uses" : {
      },
      "StructureDefinition-WRObservation.html" : "Work Requirements Observation"
    },
    {
      "url" : "http://hl7.org/fhir/ValueSet/relatedperson-relationshiptype",
      "version" : "4.0.1",
      "status" : "draft",
      "name" : "PatientRelationshipType",
      "title" : "Patient relationship type",
      "description" : "A set of codes that can be used to indicate the relationship between a Patient and a Related Person.",
      "systems" : [
        "http://terminology.hl7.org/CodeSystem/v3-RoleCode",
        "http://terminology.hl7.org/CodeSystem/v2-0131"
      ],
      "oids" : ["2.16.840.1.113883.4.642.3.449"],
      "sources" : ["2.16.840.1.113883.4.642.3.449"],
      "uses" : {
      },
      "StructureDefinition-WRRelatedPerson.html" : "Work Requirements Related Person"
    },
    {
      "url" : "http://hl7.org/fhir/ValueSet/service-type",
      "version" : "4.0.1",
      "status" : "draft",
      "name" : "ServiceType",
      "title" : "Service type",
      "description" : "This value set defines an example set of codes of service-types.",
      "systems" : ["http://terminology.hl7.org/CodeSystem/service-type"],
      "oids" : ["2.16.840.1.113883.4.642.3.518"],
      "sources" : ["2.16.840.1.113883.4.642.3.518"],
      "uses" : {
      },
      "StructureDefinition-WREncounter.html" : "Work Requirements Encounter"
    },
    {
      "url" : "http://hl7.org/fhir/ValueSet/subscriber-relationship",
      "version" : "4.0.1",
      "status" : "draft",
      "name" : "SubscriberRelationshipCodes",
      "title" : "SubscriberPolicyholder Relationship Codes",
      "description" : "This value set includes codes for the relationship between the Subscriber and the Beneficiary (insured/covered party/patient).",
      "systems" : [
        "http://terminology.hl7.org/CodeSystem/subscriber-relationship"
      ],
      "oids" : ["2.16.840.1.113883.4.642.3.1385"],
      "sources" : ["2.16.840.1.113883.4.642.3.1385"],
      "uses" : {
      },
      "StructureDefinition-WRCoverage.html" : "Work Requirements Coverage"
    },
    {
      "url" : "http://terminology.hl7.org/ValueSet/v2-0092",
      "version" : "2.0.0",
      "status" : "active",
      "name" : "Hl7VSReAdmissionIndicator",
      "title" : "hl7VS-re-admissionIndicator",
      "description" : "Value Set of codes which are used to specify that a patient is being re-admitted to a healthcare facility from which they were discharged, and indicates the circumstances around such re-admission.",
      "systems" : ["http://terminology.hl7.org/CodeSystem/v2-0092"],
      "oids" : ["2.16.840.1.113883.21.40"],
      "sources" : ["2.16.840.1.113883.21.40"],
      "uses" : {
      },
      "StructureDefinition-WREncounter.html" : "Work Requirements Encounter"
    },
    {
      "url" : "http://terminology.hl7.org/ValueSet/v3-ActEncounterCode",
      "version" : "3.0.0",
      "status" : "active",
      "name" : "ActEncounterCode",
      "title" : "ActEncounterCode",
      "description" : "Domain provides codes that qualify the ActEncounterClass (ENC)",
      "systems" : ["http://terminology.hl7.org/CodeSystem/v3-ActCode"],
      "oids" : ["2.16.840.1.113883.1.11.13955"],
      "sources" : ["2.16.840.1.113883.1.11.13955"],
      "uses" : {
      },
      "StructureDefinition-WREncounter.html" : "Work Requirements Encounter"
    },
    {
      "url" : "http://terminology.hl7.org/ValueSet/v3-ActPriority",
      "version" : "3.0.0",
      "status" : "active",
      "name" : "ActPriority",
      "title" : "ActPriority",
      "description" : "A code or set of codes (e.g., for routine, emergency,) specifying the urgency under which the Act happened, can happen, is happening, is intended to happen, or is requested/demanded to happen.\r\n\r\n*Discussion:* This attribute is used in orders to indicate the ordered priority, and in event documentation it indicates the actual priority used to perform the act. In definition mood it indicates the available priorities.",
      "systems" : ["http://terminology.hl7.org/CodeSystem/v3-ActPriority"],
      "oids" : ["2.16.840.1.113883.1.11.16866"],
      "sources" : ["2.16.840.1.113883.1.11.16866"],
      "uses" : {
      },
      "StructureDefinition-WREncounter.html" : "Work Requirements Encounter"
    },
    {
      "url" : "http://terminology.hl7.org/ValueSet/v3-TribalEntityUS",
      "version" : "4.0.0",
      "status" : "active",
      "name" : "TribalEntityUS",
      "title" : "TribalEntityUS",
      "description" : "INDIAN ENTITIES RECOGNIZED AND ELIGIBLE TO RECEIVE SERVICES FROM THE UNITED STATES BUREAU OF INDIAN AFFAIRS",
      "systems" : ["http://terminology.hl7.org/CodeSystem/v3-TribalEntityUS"],
      "oids" : ["2.16.840.1.113883.1.11.11631"],
      "sources" : ["2.16.840.1.113883.1.11.11631"],
      "uses" : {
      },
      "StructureDefinition-us-core-tribalAffiliation.html" : "US Core Tribal Affiliation Extension"
    }
  ]
}
