{
  "codeSystems" : [
    {
      "url" : "http://terminology.hl7.org/ValueSet/v3-TribalEntityUS",
      "version" : "4.0.0",
      "status" : "active",
      "name" : "TribalEntityUS",
      "title" : "TribalEntityUS",
      "description" : "INDIAN ENTITIES RECOGNIZED AND ELIGIBLE TO RECEIVE SERVICES FROM THE UNITED STATES BUREAU OF INDIAN AFFAIRS",
      "systems" : ["http://terminology.hl7.org/CodeSystem/v3-TribalEntityUS"],
      "oids" : ["2.16.840.1.113883.1.11.11631"],
      "sources" : ["2.16.840.1.113883.1.11.11631"],
      "uses" : {
      },
      "StructureDefinition-us-core-tribalAffiliation.html" : "US Core Tribal Affiliation Extension"
    }
  ]
}
