{
  "resourceType" : "Condition",
  "id" : "WRMedFrailCondition1",
  "meta" : {
    "profile" : ["http://wrig.corisystem.org/StructureDefinition/WRCondition"]
  },
  "text" : {
    "status" : "generated",
    "div" : "<div xmlns=\"http://www.w3.org/1999/xhtml\"><p class=\"res-header-id\"><b>Generated Narrative: Condition WRMedFrailCondition1</b></p><a name=\"WRMedFrailCondition1\"> </a><a name=\"hcWRMedFrailCondition1\"> </a><div style=\"display: inline-block; background-color: #d9e0e7; padding: 6px; margin: 4px; border: 1px solid #8da1b4; border-radius: 5px; line-height: 60%\"><p style=\"margin-bottom: 0px\"/><p style=\"margin-bottom: 0px\">Profile: <a href=\"StructureDefinition-WRCondition.html\">Work Requirements Condition</a></p></div><p><b>code</b>: <span title=\"Codes:\">Blindness (example)</span></p><p><b>subject</b>: <a href=\"Patient-WRExamplePatient.html\">Pat Example  Female, DoB: 2008-05-01 ( http://example.org/ids/patient#P-WR-001)</a></p><p><b>onset</b>: 2020-01-01</p></div>"
  },
  "code" : {
    "text" : "Blindness (example)"
  },
  "subject" : {
    "reference" : "Patient/WRExamplePatient"
  },
  "onsetDateTime" : "2020-01-01"
}